Liedanfang,Quelle,Seite,Videolink,Bewerten
Abends treten Elche,Liederbock,3,https://www.youtube.com/embed/2lU8ZTeuK5I?si=M_ufqJJ6cfKaEf2X,1
Abend ward,Liederbock,4,https://www.youtube.com/embed/pHvF6o4ntZY?si=Ja2UpqMZMpWb9tlq,1
Aber am Abend laden wir uns ein,Liederbock,6,https://www.youtube.com/embed/vcGsARFpkVg?si=K0MJP2C5copbh34U&amp;start=24,1
Ach wie eilte so geschwinde,Liederbock,8,https://www.youtube.com/embed/3H5GVH5viqw?si=RXXOG-uPaVoL9amj,1
Ade zur guten Nacht,Liederbock,10,https://www.youtube.com/embed/EpctqNYm6Uc?si=0ACMb5OGiAQBqqw1&amp;start=7,1
"Alle, die mit uns auf Kaperfahrt",Liederbock,12,https://www.youtube.com/embed/F-0dd8mVf6A?si=d_uOeC12Zklyzj5z,1
Allzeit bereit,Liederbock,14,https://www.youtube.com/embed/_GxZSMREA9c?si=BPZmb4pP4y7vjS1i,1
Als wir jüngst verschütt jegangen waren,Liederbock,16,https://www.youtube.com/embed/C_LH3noQ_ek?si=OF0NAk4yAcrhDMOF,1
Am Ural,Liederbock,18,https://www.youtube.com/embed/M8VaMD9vE5M?si=SEeKSGhaUxzN5CAf&amp;start=15,1
Am Wald in der Schenke,Liederbock,20,https://www.youtube.com/embed/nhPjwRDvTGs?si=K-ESmR4Ohrf0fMSA,1
Am Westermanns Lönstief,Liederbock,22,https://www.youtube.com/embed/YnvVV5bi3JE?si=VBk0-HAw53qqgJ4X,1
An den Flammen zusammengerückt,Liederbock,24,https://www.youtube.com/embed/4Av8443C8pY?si=Z61WafTlLn42MQ9H,1
An den sechs vergangnen Tagen,Liederbock,26,https://www.youtube.com/embed/OSh81InZRpc?si=fBHp3v6qNX6NXKvg&amp;start=25,1
An der Allee,Liederbock,28,https://www.youtube.com/embed/QD9S_BJ7Stc?si=sFUFKOcR1j6GtaCk,1
"Andere, die das Land, so sehr nicht liebten",Liederbock,30,https://www.youtube.com/embed/f2TjuPuj6xI?si=f9sXbmOHsQt4LvTD&amp;start=40,1
An ihrer Schulter,Liederbock,32,https://www.youtube.com/embed/bXw1uq1CLEo?si=sBgtZTrxfUEzNNa2,1
Auf vielen Straßen,Liederbock,34,https://www.youtube.com/embed/P8KyQBBh1sQ?si=eREuLhiDrNpSha0z,1
Bay Mayn Rebn,Liederbock,36,https://www.youtube.com/embed/T8SAljfY_Y0?si=QbnWCEbcgmPDcu6U,1
Bei Regen oder Sonnenschein,Liederbock,38,https://www.youtube.com/embed/yMiBaQmj0xA?si=G_q1J0Y5z3v8C_Dm,1
Bin auf meinem Weg,Liederbock,40,https://www.youtube.com/embed/od6zPn9J_KA?si=pca5mqi1h01rC6aa,1
"Bruder, nun wird es Abend",Liederbock,42,https://www.youtube.com/embed/aqNLm2tnzDE?si=BjgG6uCyL28R8Mcf,1
Bunt sind schon die Wälder,Liederbock,44,https://www.youtube.com/embed/86p4pdq-clQ?si=ActfXDNqZwkCkfWW,1
"Burschen, Burschen",Liederbock,46,https://www.youtube.com/embed/KD5ZoDf2jeo?si=JrOaH96D2Dknq4Kk,1
Dämmert von fern,Liederbock,48,https://www.youtube.com/embed/OG7j5XeIayU?si=7paeDvAVi_PO80Eh,1
Dämmerung fällt,Liederbock,50,https://www.youtube.com/embed/SATJhZ9e6oA?si=DsY01KgAEh6O1n00,1
Der Frühling braust,Liederbock,52,https://www.youtube.com/embed/HaDWC3hQYgE?si=ss6VJxSbJVk07pSt,1
Der Geist ist müd,Liederbock,54,https://www.youtube.com/embed/DKthgrwzYN0?si=3dcthW8A2PR6MyVV,1
Der lang genug mit viel Bedacht,Liederbock,56,https://www.youtube.com/embed/XUUpNckAosY?si=zEQSvUBhvLsy3JJA,1
Der Mond ist aufgegangen,Liederbock,58,https://www.youtube.com/embed/sFTzBc6CA7Q?si=d8ahisEAwOsmpF8d,1
Der Nebel dämpft das Morgenlicht,Liederbock,60,https://www.youtube.com/embed/FcmtBV12G3s?si=NGMBMK1tWSz0krcs,1
Der Papst,Liederbock,62,https://www.youtube.com/embed/wt_sE9S56PQ?si=u-s0-3PexQIsucQB,1
Der Tag entgleitet schattensacht,Liederbock,64,https://www.youtube.com/embed/GRaCfyCJ3W0?si=b6GebGpzFW7Is-Ph,1
Der Tod reit' auf einem kohlschwarten Rappen,Liederbock,66,https://www.youtube.com/embed/YdJkjnMvXzs?si=Na13aeNkG0O7HQIA,1
Der Winter dahin,Liederbock,68,https://www.youtube.com/embed/pkldEgSjSAY?si=Y18Eskgy4sifZYOe,1
Der Winter ist gekommen,Liederbock,70,https://www.youtube.com/embed/BuM2HZZ3Arw?si=sO8CVHQUItyFy0h1,1
Die blauen Dragoner,Liederbock,72,https://www.youtube.com/embed/4Bu_a93ivvY?si=D2z8pv0n3lC9DHUp,1
Die Dämmerung fällt,Liederbock,73,https://www.youtube.com/embed/YzyJGLrWqCQ?si=jTXYU6bu7t4ybjo_,1
Die Kirschen sind reif,Liederbock,74,https://www.youtube.com/embed/Z2zbFSMLzRc?si=xPS4XSJ8vUPStVm9,1
Die Klampfen erklingen,Liederbock,76,https://www.youtube.com/embed/Ap4aybOwqZE?si=tssOYDPVLH5b7hki&amp;start=14,1
Die Lappen hoch,Liederbock,78,https://www.youtube.com/embed/o0VW5RzF-zI?si=NUiOc3TSVFg5gvO5,1
Die Mazurka,Liederbock,80,https://www.youtube.com/embed/VgQGEeCkFag?si=-NS0l9UQvzpXfOTm&amp;start=23,1
Die Straße gleitet fort und fort,Liederbock,82,https://www.youtube.com/embed/sXDaxHg5T9A?si=EVhXsbfCzaFAygnI&amp;start=46,1
Dingeding dong dong,Liederbock,84,https://www.youtube.com/embed/ugIEcd84uvI?si=sY0LkchLtxbQ1DtW,1
Dort an dem Üferchen,Liederbock,86,https://www.youtube.com/embed/GLMNPoPfGR4?si=wA5kv8lie4OPQC0S,1
Dort drunt im schönen Ungarland,Liederbock,88,https://www.youtube.com/embed/WFBtpVF8tCY?si=eb-nnufm3BvFu5W8,1
Dort unten im Gradental,Liederbock,90,https://www.youtube.com/embed/XytxP2-MyUk?si=h77OPUI3dzCSiyDm,1
Drei Tropfen Blut,Liederbock,94,https://www.youtube.com/embed/T2zh18NVfV0?si=FBHl35fGu3fVSqU9,1
Drei Zigeuner,Liederbock,96,https://www.youtube.com/embed/-NvFMas4rfQ?si=OJ9SVPsb-Lzq4NEF,1
Du machst Kleinholz,Liederbock,98,https://www.youtube.com/embed/eYoD_Cwi4gc?si=PHuu_dJsATuau1q-,1
Durchs Tor der goldenen Glocke,Liederbock,100,https://www.youtube.com/embed/b9KgK6xQpU0?si=Ho5OyXNmyyk4srq2,1
Einst fragt ich nach des Lebens Sinn,Liederbock,102,https://www.youtube.com/embed/Y_kgZXG9I8Y?si=-bAdApXWTN3qKZrW,1
Ein stolzes Schiff,Liederbock,104,https://www.youtube.com/embed/ZEtS38Fk8LY?si=yCcT7aD9310i-VtK,1
Einst warf ich mich ins volle Leben,Liederbock,106,https://www.youtube.com/embed/dsRLc12uwlg?si=eneTcDpIRQlxa0yL,1
Eiris sazun idisi,Liederbock,108,https://www.youtube.com/embed/emQDgoKOxog?si=WdEikomOORWuzViQ,1
Endlich trocknet der Landstrasse Saum,Liederbock,110,https://www.youtube.com/embed/dX46oNMfmck?si=6efzTn2NHsaJpoIj,1
Endlos lang zieht sich die Straße,Liederbock,112,https://www.youtube.com/embed/ikUZEYA0tsw?si=EJYaJiVj6srFnXUy,1
Endlos sind jene Straßen,Liederbock,114,https://www.youtube.com/embed/IWzn7wyXWCo?si=rO-u2JObmnz5DxC2&amp;start=25,1
"Es, es, es und es",Liederbock,116,https://www.youtube.com/embed/0D7NkJkVfCk?si=NlhM45fpdjhhqQM8,0
Es führt über den Main,Liederbock,118,https://www.youtube.com/embed/HjaQWi1aSg4?si=TtZsa6nf3wRV2Woo&amp;start=16,1
Es geht eine dunkle Wolk herein,Liederbock,120,https://www.youtube.com/embed/PUEzR9B-uSM?si=nPLVFKUO4wXzItlB,1
Es hockt am Kamin,Liederbock,122,https://www.youtube.com/embed/txT9t5D84Os?si=Prtgdf_c9axC5pX6,1
Es ist ein Schnitter,Liederbock,124,https://www.youtube.com/embed/GSGn5mkyoCs?si=fIdyrwfkq5w2oqSN,1
Es liegen drei glänzende Kugeln,Liederbock,126,https://www.youtube.com/embed/InqpT1hQxqM?si=jsmuTEhWU7bfBvgF,1
Es saß ein klein wild Vögelein,Liederbock,128,https://www.youtube.com/embed/u9bupwG2Ph8?si=OqkJ-swM8dPpv3-P,1
Es soll sich der Mensch nicht,Liederbock,130,https://www.youtube.com/embed/ElCt225URu8?si=c9Krtq3JQyd59vP0,1
Es tropft von Helm und Säbel,Liederbock,134,https://www.youtube.com/embed/L6FVaGg-eBw?si=CSX6NU49UKICi_ma,1
Es war an einem Sommertag,Liederbock,136,https://www.youtube.com/embed/PMY42kzin10?si=Y69tyWAh8RBavExx,1
Es war ein König in Thule,Liederbock,140,https://www.youtube.com/embed/3SurQlOy-y4?si=tbvldEWcBFlxz3Wk,0
Es wollt' ein Bauer früh aufstehn,Liederbock,142,https://www.youtube.com/embed/sbgGG8cqKb8?si=UYvjbL2-0p0jpgtS,1
Es wollt' ein Mägdlein früh aufstehn,Liederbock,144,https://www.youtube.com/embed/US6OUoKeKT0?si=RpD9Bh8Pz0XDq56t,1
Fährt ein Schiff,Liederbock,147,https://www.youtube.com/embed/eXSR0iftjd0?si=lybi6FkqJ_Fb-IXD,1
Fordre niemand,Liederbock,150,https://www.youtube.com/embed/QZEFGhjTsHw?si=Dus0_3zwDrbC7cLx,1
Freifrau von Droste-Fischering,Liederbock,152,https://www.youtube.com/embed/XimD0zMyj04?si=IDzGXvI4XCFq7iIQ,1
"Freunde, der Tag steht am Rande",Liederbock,154,https://www.youtube.com/embed/eJSf49-TThg?si=b6pAHYQ_iTjqisK4,1
"Freunde, seid in dieser Runde",Liederbock,156,https://www.youtube.com/embed/vevd6yLXy3s?si=DCJJiqLD3JfyoBZ_,1
Frisch auf gut G'sell,Liederbock,158,https://www.youtube.com/embed/OIkc2y4f8LY?si=YwKqZkJStv6TK2Hp,1
Frühling dringt in den Norden,Liederbock,160,https://www.youtube.com/embed/-USlZl1ShQ0?si=HvStQZ8BAW8I5O2J,1
Gebt ihm jeden Namen,Liederbock,162,https://www.youtube.com/embed/Ai-XLubKBsg?si=g91G_ULeDOevFtLb,1
Gebt Raum ihr Völker,Liederbock,164,https://www.youtube.com/embed/cTjHwOYLji8?si=934gHd09q97gbWHP,1
"Gehe nicht, oh Gregor",Liederbock,166,https://www.youtube.com/embed/AqRmtDE4Wb4?si=U1E67ocIGpMTIF36,1
"Gestern, Brüder, könnt ihr's glauben",Liederbock,168,https://www.youtube.com/embed/jzuhELzzlLs?si=mOOq0YfiF4ebC5Qm,1
Gospodar,Liederbock,172,https://www.youtube.com/embed/2QSjKP32FDw?si=hGyCen_1X0Jgq-I6,1
Gute Nacht Kameraden,Liederbock,174,https://www.youtube.com/embed/1-qHsxW2DU8?si=aKThki47L8C-X0c-,1
Hans Spielmann,Liederbock,176,https://www.youtube.com/embed/s_I9pqMMeEg?si=vFWD1bV61v2k9YMp,1
"Hei, wie vorn der Fetzen fliegt",Liederbock,178,https://www.youtube.com/embed/LENZx6KS93g?si=H88_ckjeFF-_yQYo,1
"Heute hier, morgen dort",Liederbock,180,https://www.youtube.com/embed/2NNgv84dkvk?si=M_imXOI-nG7x4Hsb,1
Hier wächst kein Ahorn,Liederbock,182,https://www.youtube.com/embed/t8OLwWA_eN0?si=iU5oLFGAcAoH9Dt6,1
Hohe Tannen,Liederbock,184,https://www.youtube.com/embed/VB7SQObcjPg?si=fXNU0dKZgD5GKSgJ,1
Holt mir Wein,Liederbock,186,https://www.youtube.com/embed/NyWdIMO8Jhs?si=0lDsRcRlqsWPOBT3,1
Horridoh,Liederbock,188,https://www.youtube.com/embed/gm_FebR35PU?si=OBJ0EDTV-Zjdn6Jx,1
Ich kenne Europas Zonen,Liederbock,190,https://www.youtube.com/embed/n4QOPpaCSqY?si=9z08CmH1tHVjgqIH,1
Ich komme schon durch manche Land,Liederbock,192,https://www.youtube.com/embed/vOYMGnhpX5s?si=Viq7FMZk49P8bDfh,1
Ihr hübschen jungen Reiter,Liederbock,194,https://www.youtube.com/embed/r1gJW41cgdg?si=IC1edrY7xX58vKzA,1
Im düstern Auge keine Träne,Liederbock,196,https://www.youtube.com/embed/s69kNccy7Is?si=ctwxsUTsSl2Zd3PW,1
Im Kreis ihrer Enkel die alte Frau,Liederbock,198,https://www.youtube.com/embed/--H1T_xmPls?si=q28P2gBMvBi-Jsaq&amp;start=19,1
In das Dorf auf bunten Wagen,Liederbock,202,https://www.youtube.com/embed/ah1hO252uqw?si=E71ynHDd-yy81N8K,1
In days gone by,Liederbock,204,https://www.youtube.com/embed/zpNQ2gw3e3s?si=Q1LPXNknhCyq3W3S,1
In dem Kerker saßen,Liederbock,206,https://www.youtube.com/embed/4pDTs7TYE98?si=3CDfoBYI8rwHSZ1m,1
"In die Sonne, die Ferne hinaus",Liederbock,208,https://www.youtube.com/embed/vV7FKBYZ0vM?si=VRrNB5-txZkTnyOQ&amp;start=17,1
In Dublins fair city,Liederbock,210,https://www.youtube.com/embed/MQcdfxDGCkg?si=270OjgHdsyZGIx31,1
In Junkers Kneipe,Liederbock,212,https://www.youtube.com/embed/qy6euyEi_nM?si=CzeiD0bbVhpuFO5G,1
Jeden Abend träumt Jerschenkow,Liederbock,214,https://www.youtube.com/embed/y5O09MPACe8?si=8jWlNSzIC93RzGaK,1
Jenseits des Tales,Liederbock,216,https://www.youtube.com/embed/IbolSfRu5Uw?si=O4bxi1GDEdrwH4Gy&amp;start=8,1
Jovano,Liederbock,218,https://www.youtube.com/embed/1SBK5Z8gqDE?si=5lvLa3GFbbtPXZ1C,1
Kameraden wann seh'n wir uns wieder,Liederbock,220,https://www.youtube.com/embed/14HaBcUQ7pQ?si=g1Xc4zzsuPv9pB-6,1
Kein schöner Land,Liederbock,222,https://www.youtube.com/embed/WwL8wyBlceE?si=GOW3qfWGox6vP7xA&amp;start=7,1
Kommt Freunde in die Runde,Liederbock,224,https://www.youtube.com/embed/3s2mQL2mHjg?si=nLUARu5ANnrHLFfh&amp;start=24,1
Lang war die Reise,Liederbock,226,https://www.youtube.com/embed/g7CCvHoRnBE?si=Fd-_iDQClX9WpaTe,1
Leise weht der Wind,Liederbock,228,https://www.youtube.com/embed/csCqijYsJzM?si=j4XsbUQ_jRCIWPc9,1
"Mädchen, Männer, Meister",Liederbock,230,https://www.youtube.com/embed/sF1Ot7NCcig?si=7v9_1GGZW4xm0KT9,1
Mich brennt's in meinen Reiseschuhn,Liederbock,232,https://www.youtube.com/embed/VvJQjJuFsj0?si=HuTb1u-SNKOmhFEC&amp;start=7,1
"Michel, warum weinest du",Liederbock,234,https://www.youtube.com/embed/uWjQPXchZiU?si=JGyrKmhVhNeNRxlP,1
Miruschka,Liederbock,236,https://www.youtube.com/embed/HJEfgBjjJkU?si=pUAjqyTLm2nyDzTX&amp;start=18,1
Nach Süden nun sich lenken die Vögelein,Liederbock,238,https://www.youtube.com/embed/zynoi7gTUUI?si=iYzu090p0i8DIFGh,1
Nachts auf dem Dorfplatz,Liederbock,240,https://www.youtube.com/embed/bH5er1ZrdSE?si=tjK1i_mUnqTt40Ua,1
Near to Banbridge town,Liederbock,242,https://www.youtube.com/embed/xyrkGR0NtUs?si=8f2q6_fqdeqZcVIH,1
"Nehmt Abschied, Brüder",Liederbock,246,https://www.youtube.com/embed/n-wzr3GMWEQ?si=v7vraT_u5oUEA7CJ&amp;start=10,1
"Nordwärts, nordwärts",Liederbock,248,https://www.youtube.com/embed/GpQtuvCRQBU?si=NWVoe09izjuqduNo,1
Nun greift in die Saiten,Liederbock,250,https://www.youtube.com/embed/8-HfgFjS9Ag?si=ekf6nz7HYlf1jko2,1
"Nun lustig, lustig",Liederbock,252,https://www.youtube.com/embed/Xf_b6P9zxNA?si=wmX5B_k77AJUCh1z,1
Oh Bootsmann,Liederbock,254,https://www.youtube.com/embed/zu-yPjB1h-U?si=xS2phjgJF5aFqUvs,1
Oh Fischer auf den Wogen,Liederbock,256,https://www.youtube.com/embed/Xhd8WNJG6LU?si=Dq2d4p5TYYCiwYoI,1
Oh König von Preußen,Liederbock,258,https://www.youtube.com/embed/xq3iZdKjjzA?si=_oINw_qPPbz7ogCLysw,1
Owe,Liederbock,262,https://www.youtube.com/embed/L2h1GKUpjsQ?si=2dGHf1p-Gi87qs_-,1
Ringsum blühen Birn- und Apfelbäume,Liederbock,264,https://www.youtube.com/embed/acPvvv1gqGg?si=wQtPFJ17xEI8UPf7,1
Roter Mond,Liederbock,266,https://www.youtube.com/embed/zkyU1bkhmOM?si=hMyH8pC9ZcCVfoze,1
Roter Wein im Becher,Liederbock,268,https://www.youtube.com/embed/_P14BFecpxI?si=3WPUDSnyPPb1mZOQ,1
"Scharlatane, eins will ich euch sagen",Liederbock,270,https://www.youtube.com/embed/XFrJYFZVX9s?si=c_WMwhLMhrZ97CQE,1
Schilf bleicht die langen welkenden Haare,Liederbock,272,https://www.youtube.com/embed/xK2JTxldF6k?si=4xVt2KGWHncP1HJ-,1
Schlies Aug' und Ohr,Liederbock,274,https://www.youtube.com/embed/qHm5Kjn-IrM?si=FBWIFFwlQ_I3GaTV,1
Schon wird uns oft ums Herz zu eng,Liederbock,276,https://www.youtube.com/embed/HUpbSvV1mok?si=UMSCfSvLpMdkKcUP,1
"Seht, die Leute, die springen",Liederbock,278,https://www.youtube.com/embed/O2UgiOnbguo?si=XnR88RqZ1nji4Vkx,1
Sie saßen oft am Märchensee,Liederbock,280,https://www.youtube.com/embed/km6p9Z2q_p8?si=OolLGLc9OW7zgkEo,1
Singt Freunde,Liederbock,284,https://www.youtube.com/embed/ixj2gCgkk0A?si=-zuowudfHTQaoa2s&amp;start=24,1
Slaat up de Trommele,Liederbock,286,https://www.youtube.com/embed/XOltERUigBc?si=IyLZUXI9LtvoiXc1,1
So troll'n wir uns,Liederbock,288,https://www.youtube.com/embed/tT8WpDzj5t8?si=qcA-pyXQUwnktR4_,1
Staubiger Straßen weißes Band,Liederbock,290,https://www.youtube.com/embed/pb49XNA7W-A?si=ORNGG6DMWc3xpuWJ,1
Steigt so ein kleiner Troll,Liederbock,292,https://www.youtube.com/embed/toIXJ4y21cI?si=hpRM8E9jzdGEj-ht&amp;start=7,1
Steuermann hoo!,Liederbock,294,https://www.youtube.com/embed/PfHCN2zuyhs?si=CFkcjo9P_gS7CPlM,1
Stiebt vom Kasbek kalt der Schnee,Liederbock,296,https://www.youtube.com/embed/3qySzsXd-60?si=TN1hVw-SQWRS6yO9,1
Stille Tage,Liederbock,298,https://www.youtube.com/embed/7F3c2NgimXo?si=CxmVpMPU5aGX4W6y,1
Straßen auf und Straßen ab,Liederbock,300,https://www.youtube.com/embed/VCXMEyUO-YQ?si=H_-r8BV1a0-_iBxG,1
Sturm bricht los,Liederbock,302,https://www.youtube.com/embed/aUJOPdFSOm0?si=LLvFdANn5iElHo_F,1
Summt der Regen,Liederbock,304,https://www.youtube.com/embed/0SCDCnH1uSA?si=vY2VSo5_dvBnMnpv,1
Taivas on sininen,Liederbock,306,https://www.youtube.com/embed/_f-utbhxY28?si=oUSneNZWUk7Od1lO,1
Tanzen die Dohlen,Liederbock,308,https://www.youtube.com/embed/KPlGBLzp9s4?si=GcUoYerFcHna5aJi ,1
Tau vor Tag,Liederbock,310,https://www.youtube.com/embed/sAFun-s5mp8?si=w6zPOUgzd7fmig2o&amp;start=22,1
Trumradibum,Liederbock,312,https://www.youtube.com/embed/ILJnbi8HpmQ?si=oMk7Br4wG3kwXe5H,1
Tsching Tsching bum bum,Liederbock,314,https://www.youtube.com/embed/rIK7TlIp4Nw?si=SfUUidEJXIHzAnE3,1
Tsu mir is gekumen a kusine,Liederbock,318,https://www.youtube.com/embed/J8eJTYVkV0Y?si=ePWu3eS_3rBM13yr,1
Turm,Liederbock,320,https://www.youtube.com/embed/84X10fuBX6w?si=nLLYuKPzCHXVe3zC,1
'Twas down the glen,Liederbock,322,https://www.youtube.com/embed/SH50D2TAIa8?si=5-thqIOF9l2OFzh7,1
Über meiner Heimat Frühling,Liederbock,324,https://www.youtube.com/embed/SEjVrPdn_SE?si=P5E6SbRzuwMz7C2O,1
Und als begann der dritte Krieg,Liederbock,326,https://www.youtube.com/embed/G6lLtzAusnU?si=42zcrWxOVDKaTmg-,1
Und als wir dann am Abend,Liederbock,328,https://www.youtube.com/embed/-2p6EZLn-_w?si=WZt_W4Qoh0E18Bsd,1
Und am Abend ziehen Gaukler,Liederbock,330,https://www.youtube.com/embed/u16YwYDTHHI?si=EhdiqEa9OU1WUoeS,1
Und wir kauern wieder um die heiße Glut,Liederbock,332,https://www.youtube.com/embed/orGOYNRz61A?si=fA_NqfMnSXv2-GyO,1
Ungezählte Male,Liederbock,334,https://www.youtube.com/embed/gs6Ui88vIQk?si=1tErrE2Tz164EFNl&amp;start=33,1
Uns jungen Mannen,Liederbock,336,https://www.youtube.com/embed/q2Rk7Q9zhBY?si=qmslyKYO0nIdKYvK,1
Unter den Toren,Liederbock,338,https://www.youtube.com/embed/8B4KPoMIWL8?si=iW6Nw7Wcq5Owk_po,1
viel schnee liegt auf den straßen,Liederbock,340,https://www.youtube.com/embed/4ELFaeot0qs?si=23moW0hFFzn_spfe,1
Viva la feria,Liederbock,343,https://www.youtube.com/embed/qZkhVBroa80?si=jBLdWH-MU1W6dZSU,1
Von der Festung dröhnt,Liederbock,344,https://www.youtube.com/embed/_49MpKorn2M?si=aui7mOthfBzw5rvd,1
Von Sonn' und Kessel schwarzgebrannt,Liederbock,346,https://www.youtube.com/embed/oe65t5m3cAU?si=1P5ofHAbq37PkadC&amp;start=31,1
"Wanderer, lobe den Herren",Liederbock,350,https://www.youtube.com/embed/POVSTyuVgQQ?si=TLdXPYo7PF24YJHm&amp;start=16,1
War einst ein Karmeliter,Liederbock,352,https://www.youtube.com/embed/F6Pfc1fA4fI?si=mqEa-jdybIawaHde,1
Warum zögerst du noch,Liederbock,354,https://www.youtube.com/embed/8q7RC3IOWyU?si=gk9ysJU_I5TNqQyI,1
Was bin ich nur so jäh erwacht,Liederbock,356,https://www.youtube.com/embed/J_AiAXVCdtk?si=9EXQo8B6r7FAt43D,1
Was gehn euch meine Lumpen an,Liederbock,360,https://www.youtube.com/embed/AbRW1Wu1ibU?si=zQTHpf6F_r5Q9pw8,1
Was helfen mir tausend Dukaten,Liederbock,362,https://www.youtube.com/embed/_XHO-yKpAO0?si=4NVzdE8vS8xujIIj,1
Was kann ich denn dafür,Liederbock,364,https://www.youtube.com/embed/vuffhuoUM80?si=J9Pzg4sOm6pP_wbG,1
Was ließen jene,Liederbock,366,https://www.youtube.com/embed/JXUzk2CgsUA?si=ckx5HRqbL0iEo1nZ,1
Weile an dieser Quelle,Liederbock,368,https://www.youtube.com/embed/Y4hWB57lqVg?si=yAKybxoqNmDNQtVo,1
Welle wogte,Liederbock,372,https://www.youtube.com/embed/AohWWPgdAow?si=NrQ2rwPOoTCDZQW0,1
Wenn alle Brünnlein fließen,Liederbock,374,https://www.youtube.com/embed/SQ05WgVr8_4?si=mt4_r9fGwb0f0Rtc,1
Wenn der Abend naht,Liederbock,376,https://www.youtube.com/embed/DBy_l8eqVs0?si=yygpGaxJNlfu9kYB,1
Wenn die Bürger schlafen gehn,Liederbock,378,https://www.youtube.com/embed/dWEHzewJek4?si=i_1GmrsPWlWWEUvY,1
Wenn ich einmal der Herrgott wär,Liederbock,380,https://www.youtube.com/embed/eikt9jkpzck?si=Qnvf3KssW-A53ocy,1
Wenn sie reiten zur Schwemme,Liederbock,382,https://www.youtube.com/embed/XvWnPqQ6vmM?si=2jyY8k68H-LhwQ92,1
Wenn wir in der Schenke hängen,Liederbock,384,https://www.youtube.com/embed/JTWdNw49NFI?si=O7dCYYjxSOAafmH9,1
"Wer bekümmert sich drum, wenn ich wand're",Liederbock,386,https://www.youtube.com/embed/RbgA2ml_pEQ?si=-tyi745bfU_K6c6A&amp;start=12,1
Wie schön blüht uns der Maien,Liederbock,388,https://www.youtube.com/embed/zxM9BBl1tGo?si=2AqK6vUf0yb2dyy8,1
Wilde Gesellen,Liederbock,390,https://www.youtube.com/embed/SUgazpjVakE?si=94GyJmNYgrTnyIrP,1
Wildgänse rauschen durch die Nacht,Liederbock,392,https://www.youtube.com/embed/5Ax5Vvuw12c?si=AbElk6x_LTtjD_sq,1
"Wir drei, wir gehn jetzt auf die Walze",Liederbock,394,https://www.youtube.com/embed/cqzUp1ZlZvo?si=ATZMXvcse99G-eXr&amp;start=16,1
Wir kamen einst von Piemont,Liederbock,398,https://www.youtube.com/embed/TAhyo4TcSLI?si=dERCgNOp6mW2uy1O,1
Wir sind des Geyers schwarzer Haufen,Liederbock,400,https://www.youtube.com/embed/sv0AvFyYAmE?si=oh27tVUAjHI6LQos,1
Wir sind durch Deutschland gefahren,Liederbock,402,https://www.youtube.com/embed/74Kt5bgmyx0?si=-yngOM9hD_hZOi4G,1
Wir sind eine kleine verlorene Schar,Liederbock,404,https://www.youtube.com/embed/5Sex7V5Rg6I?si=i28C9WOGGnwP2hex,1
Wir sind Kameraden,Liederbock,406,https://www.youtube.com/embed/-9a34dUUwnw?si=xTXd_5O5l1qLegQT,1
Wir traben in die Weite,Liederbock,408,https://www.youtube.com/embed/iuhcs6rf41g?si=2XuJmiCebIGKkbw1,1
Wir wählten den Sommer,Liederbock,410,https://www.youtube.com/embed/z9388GRhFsg?si=uTHhL3ROTp75RbTk,1
Wir wollen zu Land ausfahren,Liederbock,412,https://www.youtube.com/embed/IZw5b5jiitM?si=KJMbv8PtFnyKlBJB,1
Wir zahlten mit Dollars und Kopeken,Liederbock,414,https://www.youtube.com/embed/WwRUc_1pZLQ?si=UkBdvQQUjUwKRxo3,1
Wir zogen in das Feld,Liederbock,416,https://www.youtube.com/embed/69g8_QISEY8?si=j1OCSp95mC8fu0lX,1
Woher soll das Brot für heute kommen,Liederbock,418,https://www.youtube.com/embed/JfKpl1xCFp0?si=TF62Zolf85wHoYu3,1
Wohin auch das Auge blicket,Liederbock,420,https://www.youtube.com/embed/-boCKJsDe5U?si=d8BC293lYvhlxwXL,1
Wollt ihr hören nun mein Lied,Liederbock,422,https://www.youtube.com/embed/3nXQirzpqng?si=-4-rm4qApu6pLT_v,1
Wo seid ihr Nächte am Feuer,Liederbock,424,https://www.youtube.com/embed/2jaQqKhdIu8?si=Gz_KDjPyVkVnjapL,1
Wo's nur Felsen gibt,Liederbock,426,https://www.youtube.com/embed/iKAakfc_1fs?si=q6JLMlHPsN-_SmhK,1
Wo soll ich mich hinkehren,Liederbock,428,https://www.youtube.com/embed/G6bV-38lFak?si=zaAFjt4NAmuF1rQ8,1
Wo soll ich mich hinwenden,Liederbock,432,https://www.youtube.com/embed/u2qSjdxzHRU?si=k7USw96grE4MlC4M,1
Xekinai,Liederbock,434,https://www.youtube.com/embed/77SYN25mzt8?si=zdBnkPSatAatSeEH,1
Ye Jacobites,Liederbock,436,https://www.youtube.com/embed/YEDy3vEX8Ms?si=0TYakZon5BywO8BL,1
"Zelte sah ich, Pferde, Fahnen",Liederbock,438,https://www.youtube.com/embed/rzuwHsBkrjs?si=0Exh3sBqri4RlFCP,1
Ziehen die Straßen dahin,Liederbock,440,https://www.youtube.com/embed/Syp0kgU1_kg?si=0KgzdcCcMZV3fjYm,1
Zogen der Ungarn stämmige Husaren,Liederbock,442,https://www.youtube.com/embed/AMvKeCRU_dk?si=zCmh8pCxMTNhTEoh,1
Zogen einst fünf wilde Schwäne,Liederbock,444,https://www.youtube.com/embed/TxgTkws6w5Q?si=IFuDn8qALUn5OTUF,1
Zogen viele Straßen,Liederbock,446,https://www.youtube.com/embed/WkMipHQB4Zw?si=yOImkMxVhTn0X7z2,1
Zu Straßburg auf der Schanz,Liederbock,448,https://www.youtube.com/embed/S9eS0WpHJh8?si=sc3bkcxMd2xy4G2p,1